id,type,sub_type,start_date,end_date,listing_type,tom,building_age,total_floor_count,floor_no,room_count,size,address,furnished,heating_type,price,price_currency,ФИО,Группа,MAE,RMSE,R2,Predicted_Price
49,Konut,Kooperatif,11/10/18,12/10/18,1,30,0,10,Müstakil,1+0,1.0,İzmir/Aliağa/Yenişakran,,Fancoil,300000.0,TRY,Ирхан Хабиров,23П-4,158528.492224365,395666.43396753736,0.5980693596030272,213903.11649428192
506,Konut,Çiftlik Evi,10/25/18,2/23/19,1,121,2,2,,2+2,250.0,İzmir/Foça/Yeniköy,,Yok,1600000.0,TRY,Ирхан Хабиров,23П-4,,,,1407016.4120666834
2,Konut,Daire,2/13/19,,1,14,0,20 ve üzeri,20 ve üzeri,1+0,43.0,İstanbul/Kartal/Kordonboyu,,Fancoil,490000.0,TRY,Ирхан Хабиров,23П-4,,,,433621.9506511455
528,Konut,Prefabrik Ev,11/16/18,1/21/19,1,66,,1,,3+1,122.0,Tekirdağ/Çerkezköy/Kızılpınar,,Yok,103600.0,TRY,Ирхан Хабиров,23П-4,,,,108604.8007813035
109,Konut,Kooperatif,11/10/18,1/9/19,1,60,0,10,Müstakil,1+0,1.0,İzmir/Aliağa/Yenişakran,,Fancoil,300000.0,TRY,Ирхан Хабиров,23П-4,,,,210373.46811079045
100,Konut,Yazlık,1/12/19,,1,46,1,10,9,3+1,150.0,Mersin/Erdemli/Kargıpınarı,,Fancoil,500000.0,TRY,Ирхан Хабиров,23П-4,,,,323745.61451401
320,Konut,Yazlık,2/12/19,2/12/19,1,0,0,2,Müstakil,4+1,134.0,Balıkesir/Burhaniye/Pelitköy,,Fancoil,1000000.0,TRY,Ирхан Хабиров,23П-4,,,,657709.6622149128
3,Konut,Daire,10/9/18,11/8/18,1,30,0,1,Yüksek Giriş,2+1,,Tekirdağ/Çorlu/Reşadiye,,Fancoil,155000.0,TRY,Ирхан Хабиров,23П-4,,,,363724.59414253855
7810,Konut,Loft,12/30/18,1/29/19,1,30,,4,,4+1,145.0,İzmir/Konak/Akın Simav,,Kalorifer (Doğalgaz),650000.0,TRY,Ирхан Хабиров,23П-4,,,,351252.87942089606
11,Konut,Müstakil Ev,11/13/18,11/26/18,1,13,0,1,Bahçe katı,3+1,125.0,Muğla/Bodrum/Ortakentyahşi,,Fancoil,2450000.0,TRY,Ирхан Хабиров,23П-4,,,,778606.1265434868
1,Konut,Rezidans,12/10/18,1/9/19,2,30,0,20 ve üzeri,2,2+1,90.0,İstanbul/Kartal/Kordonboyu,,Fancoil,3500.0,TRY,Ирхан Хабиров,23П-4,,,,3181.0794764716293
758,Konut,Çiftlik Evi,2/17/19,,2,10,2,1,,1+0,120.0,Malatya/Akçadağ/Aksüt,,Yok,19000.0,TRY,Ирхан Хабиров,23П-4,,,,2999.2362456112587
496,Konut,Komple Bina,11/21/18,,2,98,0,4,,+,905.0,Kocaeli/İzmit/Alikahya Fatih,,Yok,12500.0,TRY,Ирхан Хабиров,23П-4,,,,21043.36968051109
7,Konut,Daire,1/4/19,,2,54,0,20 ve üzeri,14,3+1,160.0,İstanbul/Kartal/Kordonboyu,,Fancoil,3750.0,TRY,Ирхан Хабиров,23П-4,,,,2244.7603814920662
1942,Konut,Yalı Dairesi,11/27/18,,2,92,,2,1,3+1,,Muğla/Marmaris/Siteler,,Yok,750.0,TRY,Ирхан Хабиров,23П-4,,,,1016.9956654924758
58,Konut,Villa,10/2/18,11/1/18,2,30,6-10 arası,2,,4+1,200.0,İzmir/Urla/Çamlıçay,,Fancoil,3600.0,TRY,Ирхан Хабиров,23П-4,,,,3770.031808096274
91731,Konut,Loft,9/10/18,2/9/19,2,152,,9,,2+1,,Adana/Seyhan/Gürselpaşa,,Kombi (Doğalgaz),16000.0,TRY,Ирхан Хабиров,23П-4,,,,1471.6919813592665
680,Konut,Yazlık,11/15/18,,2,104,11-15 arası,2,Komple,2+1,85.0,Aydın/Kuşadası/Kadınlar Denizi,,Yok,1200.0,TRY,Ирхан Хабиров,23П-4,,,,1253.7870396851633
16,Konut,Villa,10/2/18,1/4/19,2,94,6-10 arası,2,,4+1,200.0,İzmir/Urla/Çamlıçay,,Fancoil,3600.0,TRY,Ирхан Хабиров,23П-4,,,,3660.108610840029
18,Konut,Daire,12/10/18,1/9/19,2,30,0,20 ve üzeri,20 ve üzeri,2+1,84.0,İstanbul/Kartal/Kordonboyu,,Fancoil,4200.0,TRY,Ирхан Хабиров,23П-4,,,,2577.845140025689
